dataset,model,fold,train_rows,test_rows,train_start,test_start,test_end,elapsed_s,accuracy,f1_macro,auc_roc,sharpe_proxy,max_drawdown
dataset_basic_daily,LR,2,1564,262,2014-01-02,2020-01-01,2020-12-31,0.86,0.7900763358778626,0.7836953421696513,0.843032786885246,0.2380239415142067,-0.0831732792143318
dataset_basic_daily,LR,3,1826,261,2014-01-02,2021-01-01,2021-12-31,1.34,0.7241379310344828,0.7178378378378378,0.8085896076352068,-0.5108621947885142,-0.0543897215237107
dataset_basic_daily,LR,4,2087,260,2014-01-02,2022-01-03,2022-12-30,1.35,0.7769230769230769,0.7634732417341112,0.9072,-0.3539085762155882,-0.0866292975553766
dataset_basic_daily,LR,5,2347,260,2014-01-02,2023-01-02,2023-12-29,1.29,0.6923076923076923,0.672461577223482,0.8855029585798817,0.4761625322986718,-0.0463136286674712
dataset_basic_daily,LR,final,2607,261,2014-01-02,2024-01-01,2024-12-30,1.4,0.6551724137931034,0.6292613636363636,0.8710380582066689,-0.4965296669034641,-0.0282376328531123
dataset_basic_daily,RF,2,1564,262,2014-01-02,2020-01-01,2020-12-31,0.42,0.5305343511450382,0.52749879037579,0.5907201405152225,-0.5247989235857369,-0.1306995667772968
dataset_basic_daily,RF,3,1826,261,2014-01-02,2021-01-01,2021-12-31,0.47,0.5938697318007663,0.5814270152505447,0.616619535760575,-0.75603285825899,-0.0445537517382361
dataset_basic_daily,RF,4,2087,260,2014-01-02,2022-01-03,2022-12-30,0.5,0.5961538461538461,0.5960044395116537,0.6558222222222222,0.0863338662710739,-0.1393163370620996
dataset_basic_daily,RF,5,2347,260,2014-01-02,2023-01-02,2023-12-29,0.55,0.55,0.5137390303553445,0.6168047337278106,0.2964516656277024,-0.0560002307828775
dataset_basic_daily,RF,final,2607,261,2014-01-02,2024-01-01,2024-12-30,0.62,0.5478927203065134,0.5235457920792079,0.5657476139978791,-0.7958679244693184,-0.0481871348013994
dataset_basic_daily,LR,1,1303,261,2014-01-02,2019-01-01,2019-12-31,0.78,0.7011494252873564,0.7009343048536844,0.8068557919621749,0.2995643952184549,-0.0783475430364501
dataset_basic_daily,RF,1,1303,261,2014-01-02,2019-01-01,2019-12-31,0.31,0.5402298850574713,0.5204556589906908,0.5891843971631205,0.1708716689576541,-0.0951705572340647
dataset_basic_daily,KNN,1,1303,261,2014-01-02,2019-01-01,2019-12-31,0.02,0.5210727969348659,0.5169886742171885,0.5236111111111111,0.2162576255025457,-0.0515635382064114
dataset_basic_daily,KNN,2,1564,262,2014-01-02,2020-01-01,2020-12-31,0.03,0.5305343511450382,0.5120451826840089,0.5147248243559719,1.5518707486759151,-0.0522362012799558
dataset_basic_daily,KNN,3,1826,261,2014-01-02,2021-01-01,2021-12-31,0.03,0.4789272030651341,0.3828070663513701,0.5552315305761754,-0.051832321131027,-0.0705588828102917
dataset_basic_daily,KNN,4,2087,260,2014-01-02,2022-01-03,2022-12-30,0.03,0.6076923076923076,0.6058029609370355,0.6166814814814816,-0.3806202407060918,-0.1352935685624906
dataset_basic_daily,KNN,5,2347,260,2014-01-02,2023-01-02,2023-12-29,0.04,0.5307692307692308,0.466890756302521,0.5721301775147929,0.5571437694152178,-0.0808156618779339
dataset_basic_daily,KNN,final,2607,261,2014-01-02,2024-01-01,2024-12-30,0.04,0.5823754789272031,0.5793870218962993,0.5963827029574643,0.0789856752906811,-0.0434371364609397
dataset_basic_daily,DT,1,1303,261,2014-01-02,2019-01-01,2019-12-31,0.12,0.5287356321839081,0.5277373229180458,0.535904255319149,1.0018359507665042,-0.0278879789563326
dataset_basic_daily,DT,2,1564,262,2014-01-02,2020-01-01,2020-12-31,0.15,0.4809160305343511,0.4801587301587301,0.4805620608899297,-0.0380982283400175,-0.0708096403087751
dataset_basic_daily,DT,3,1826,261,2014-01-02,2021-01-01,2021-12-31,0.19,0.5440613026819924,0.5413682609530279,0.5502827854365501,-0.2546039625096165,-0.0874772348837708
dataset_basic_daily,DT,4,2087,260,2014-01-02,2022-01-03,2022-12-30,0.21,0.5461538461538461,0.5457237621416726,0.5457777777777778,-0.8953923378406627,-0.1474456168052594
dataset_basic_daily,DT,5,2347,260,2014-01-02,2023-01-02,2023-12-29,0.25,0.5230769230769231,0.520780070158749,0.5230769230769231,-0.0138091886741026,-0.0598982085189301
dataset_basic_daily,DT,final,2607,261,2014-01-02,2024-01-01,2024-12-30,0.28,0.475095785440613,0.4497653304608756,0.4642983386355602,0.3049988206118735,-0.0448297061713377
dataset_basic_daily,ET,1,1303,261,2014-01-02,2019-01-01,2019-12-31,0.21,0.4980842911877394,0.4700795089970707,0.5644503546099291,0.1789897834510924,-0.0958791186706582
dataset_basic_daily,ET,2,1564,262,2014-01-02,2020-01-01,2020-12-31,0.22,0.5572519083969466,0.5505471753918959,0.5848946135831381,-0.1652232794811225,-0.1074820652941102
dataset_basic_daily,ET,3,1826,261,2014-01-02,2021-01-01,2021-12-31,0.24,0.5057471264367817,0.5047001191579505,0.5402085542594558,-0.4235801375216416,-0.0866763100093322
dataset_basic_daily,ET,4,2087,260,2014-01-02,2022-01-03,2022-12-30,0.25,0.5461538461538461,0.5351515151515152,0.5855703703703704,-0.4192150467832577,-0.1899444900177846
dataset_basic_daily,ET,5,2347,260,2014-01-02,2023-01-02,2023-12-29,0.27,0.5346153846153846,0.5174772619211951,0.5839053254437868,0.6726522046728145,-0.0459822738299052
dataset_basic_daily,ET,final,2607,261,2014-01-02,2024-01-01,2024-12-30,0.29,0.5938697318007663,0.5825386286817962,0.6447802521503476,-0.012870499911764,-0.0290014839597506
dataset_basic_daily,HGB,1,1303,261,2014-01-02,2019-01-01,2019-12-31,0.77,0.5210727969348659,0.4924311962288221,0.6091607565011821,-0.5105097643617312,-0.1178859066737952
dataset_basic_daily,HGB,2,1564,262,2014-01-02,2020-01-01,2020-12-31,0.78,0.6526717557251909,0.6508354934610372,0.6830210772833724,-0.2920645741996889,-0.1306995667772968
dataset_basic_daily,HGB,3,1826,261,2014-01-02,2021-01-01,2021-12-31,0.82,0.5977011494252874,0.5974884335756775,0.620831860492518,-0.0433219751237311,-0.0492184349055414
dataset_basic_daily,HGB,4,2087,260,2014-01-02,2022-01-03,2022-12-30,0.83,0.5692307692307692,0.5679781615334402,0.6279703703703703,0.1577825660020617,-0.1141438554959568
dataset_basic_daily,HGB,5,2347,260,2014-01-02,2023-01-02,2023-12-29,0.82,0.6269230769230769,0.6264755105970171,0.6856804733727812,0.122125000049061,-0.0460354026464698
dataset_basic_daily,HGB,final,2607,261,2014-01-02,2024-01-01,2024-12-30,0.82,0.6206896551724138,0.6206005432787607,0.6788028749852716,1.238496032710844,-0.0292362518360491
dataset_basic_daily,CatBoost,1,1303,261,2014-01-02,2019-01-01,2019-12-31,1.94,0.5440613026819924,0.541882384176291,0.6225768321513002,0.5530282719763124,-0.0685223161000593
dataset_basic_daily,CatBoost,2,1564,262,2014-01-02,2020-01-01,2020-12-31,1.38,0.6068702290076335,0.6061760284867854,0.631791569086651,0.5872871662981975,-0.0998358917120068
dataset_basic_daily,CatBoost,3,1826,261,2014-01-02,2021-01-01,2021-12-31,1.39,0.578544061302682,0.578537874339401,0.6313184870979145,-1.138127745745684,-0.0890047163759571
dataset_basic_daily,CatBoost,4,2087,260,2014-01-02,2022-01-03,2022-12-30,1.42,0.6307692307692307,0.6299810246679317,0.6527407407407408,-0.4703834671579755,-0.1377437247797134
dataset_basic_daily,CatBoost,5,2347,260,2014-01-02,2023-01-02,2023-12-29,1.44,0.5769230769230769,0.5738721020323023,0.6136094674556213,0.2391611939303009,-0.0587679770981425
dataset_basic_daily,CatBoost,final,2607,261,2014-01-02,2024-01-01,2024-12-30,1.49,0.632183908045977,0.6282051282051282,0.6732649935195004,-0.6580052610381716,-0.0463329609245742
dataset_basic_daily,Bagging_DT,1,1303,261,2014-01-02,2019-01-01,2019-12-31,3.68,0.6053639846743295,0.6045280021183635,0.6329787234042552,0.5989409899152917,-0.0491644267412101
dataset_basic_daily,Bagging_DT,2,1564,262,2014-01-02,2020-01-01,2020-12-31,0.47,0.5572519083969466,0.5571486856676575,0.6259953161592506,-1.1399090061309052,-0.1313207258490405
dataset_basic_daily,Bagging_DT,3,1826,261,2014-01-02,2021-01-01,2021-12-31,0.53,0.5555555555555556,0.5536619884420333,0.5862495581477555,-1.0498267926356435,-0.0793221463153281
dataset_basic_daily,Bagging_DT,4,2087,260,2014-01-02,2022-01-03,2022-12-30,0.58,0.6307692307692307,0.6299810246679317,0.6671407407407407,-0.6687213682566889,-0.1608573060254033
dataset_basic_daily,Bagging_DT,5,2347,260,2014-01-02,2023-01-02,2023-12-29,0.64,0.5923076923076923,0.591921345652689,0.6063905325443787,0.1839311909702773,-0.042234717459417
dataset_basic_daily,Bagging_DT,final,2607,261,2014-01-02,2024-01-01,2024-12-30,0.7,0.5823754789272031,0.572330542234783,0.6835748792270532,-0.7537351848172698,-0.0409571191253447
dataset_basic_daily,Bagging_LR,1,1303,261,2014-01-02,2019-01-01,2019-12-31,3.22,0.7088122605363985,0.7087737843551798,0.8087470449172578,0.5095242133004858,-0.070503957930495
dataset_basic_daily,Bagging_LR,2,1564,262,2014-01-02,2020-01-01,2020-12-31,4.06,0.7786259541984732,0.7743659796875928,0.8423887587822014,0.3464398300333042,-0.0745021160841517
dataset_basic_daily,Bagging_LR,3,1826,261,2014-01-02,2021-01-01,2021-12-31,6.05,0.6819923371647509,0.6602681721947776,0.8105926711441028,-1.363239432274724,-0.0646715764279103
dataset_basic_daily,Bagging_LR,4,2087,260,2014-01-02,2022-01-03,2022-12-30,6.35,0.7923076923076923,0.784331797235023,0.9034074074074074,-0.901387931833482,-0.1187045703575765
dataset_basic_daily,Bagging_LR,5,2347,260,2014-01-02,2023-01-02,2023-12-29,5.86,0.7230769230769231,0.7115384615384616,0.8820118343195266,0.6023619373145103,-0.0461834722053839
dataset_basic_daily,Bagging_LR,final,2607,261,2014-01-02,2024-01-01,2024-12-30,6.44,0.6743295019157088,0.6561584600362673,0.869329562860846,-0.8711888394728554,-0.0370443724575615
dataset_basic_daily,XGB,1,1303,261,2014-01-02,2019-01-01,2019-12-31,1.46,0.6053639846743295,0.5985514821175241,0.6378841607565012,0.7387129214289878,-0.0744793386807367
dataset_basic_daily,XGB,2,1564,262,2014-01-02,2020-01-01,2020-12-31,1.32,0.6717557251908397,0.6661332385016596,0.7062646370023419,-0.5721236102690763,-0.1306995667772968
dataset_basic_daily,XGB,3,1826,261,2014-01-02,2021-01-01,2021-12-31,1.42,0.5900383141762452,0.5894356154716927,0.636797454931071,-1.144600366667554,-0.0775726664453589
dataset_basic_daily,XGB,4,2087,260,2014-01-02,2022-01-03,2022-12-30,1.47,0.6153846153846154,0.6152935606060606,0.6497185185185185,-0.0272645718702524,-0.1766066319580113
dataset_basic_daily,XGB,5,2347,260,2014-01-02,2023-01-02,2023-12-29,1.35,0.6346153846153846,0.6306321125749578,0.6493491124260355,0.6852912807374677,-0.0357120104323235
dataset_basic_daily,XGB,final,2607,261,2014-01-02,2024-01-01,2024-12-30,1.31,0.6130268199233716,0.6078457624849378,0.6564156945917285,1.278495896043861,-0.0187596440668496
dataset_basic_daily,LGBM,1,1303,261,2014-01-02,2019-01-01,2019-12-31,1.12,0.5977011494252874,0.5880248342628644,0.6491725768321512,0.5427209971959657,-0.0764840135663009
dataset_basic_daily,LGBM,2,1564,262,2014-01-02,2020-01-01,2020-12-31,0.66,0.6793893129770993,0.6793706293706294,0.7313231850117096,-0.1706764415303072,-0.1306995667772968
dataset_basic_daily,LGBM,3,1826,261,2014-01-02,2021-01-01,2021-12-31,0.63,0.5977011494252874,0.5961835997937082,0.6015081889949333,-1.1991424327465394,-0.0703380794232152
dataset_basic_daily,LGBM,4,2087,260,2014-01-02,2022-01-03,2022-12-30,0.67,0.5538461538461539,0.5469838981014179,0.6216296296296296,-0.6890409718690219,-0.2027643873876194
dataset_basic_daily,LGBM,5,2347,260,2014-01-02,2023-01-02,2023-12-29,0.72,0.6153846153846154,0.6018132810585641,0.6910059171597633,0.9233621138669,-0.0473556855139207
dataset_basic_daily,LGBM,final,2607,261,2014-01-02,2024-01-01,2024-12-30,0.61,0.6666666666666666,0.6666666666666666,0.7196300223871804,0.4266085376054004,-0.0242934627841879
dataset_basic_daily,MLP,1,1303,261,2014-01-02,2019-01-01,2019-12-31,2.64,0.5287356321839081,0.5005522970891609,0.6195626477541372,-0.1661122398284733,-0.128924956757109
dataset_basic_daily,MLP,2,1564,262,2014-01-02,2020-01-01,2020-12-31,3.07,0.583969465648855,0.5788091972331608,0.6112997658079624,-0.1237646919993111,-0.0867149225222989
dataset_basic_daily,MLP,3,1826,261,2014-01-02,2021-01-01,2021-12-31,3.59,0.4865900383141762,0.3629044010492567,0.5923176623070578,-0.4942386186302508,-0.0866865868586307
dataset_basic_daily,MLP,4,2087,260,2014-01-02,2022-01-03,2022-12-30,4.42,0.6230769230769231,0.6198376700883266,0.6544592592592593,-0.0588705732200932,-0.1323758762725479
dataset_basic_daily,MLP,5,2347,260,2014-01-02,2023-01-02,2023-12-29,5.46,0.5346153846153846,0.4112913789554445,0.6287573964497042,0.3948462838659348,-0.0843441330624319
dataset_basic_daily,MLP,final,2607,261,2014-01-02,2024-01-01,2024-12-30,5.86,0.6436781609195402,0.638907484268309,0.6544715447154471,-0.1656991038942572,-0.0549301112370387
dataset_90day_lookback,LR,1,1213,261,2014-05-08,2019-01-01,2019-12-31,170.63,0.5134099616858238,0.5092604930046636,0.5277777777777778,-0.1885681242279556,-0.0738667909083607
dataset_90day_lookback,LGBM,1,1213,261,2014-05-08,2019-01-01,2019-12-31,38.91,0.5095785440613027,0.4884860362567369,0.5102836879432624,1.0405589729528857,-0.0394178578453617
dataset_90day_lookback,LR,2,1474,262,2014-05-08,2020-01-01,2020-12-31,233.16,0.5687022900763359,0.5124417436556165,0.5993559718969554,0.2688319224306243,-0.0694064178566638
dataset_90day_lookback,LR,3,1736,261,2014-05-08,2021-01-01,2021-12-31,206.17,0.524904214559387,0.5171858216970999,0.531106398020502,0.2299134396516225,-0.0251406506080024
dataset_90day_lookback,LR,4,1997,260,2014-05-08,2022-01-03,2022-12-30,237.56,0.4807692307692308,0.4186335403726708,0.5648888888888889,-0.7234617466766329,-0.218902929890585
dataset_90day_lookback,LR,5,2257,260,2014-05-08,2023-01-02,2023-12-29,267.43,0.5115384615384615,0.4830852079713207,0.5074556213017751,-0.0084059616799055,-0.039440979162234
dataset_90day_lookback,LR,final,2517,261,2014-05-08,2024-01-01,2024-12-30,299.93,0.5363984674329502,0.5359625020203653,0.5554377282903264,-0.1771959236516458,-0.0579214299963991
dataset_90day_lookback,LGBM,2,1474,262,2014-05-08,2020-01-01,2020-12-31,41.21,0.4809160305343511,0.4757532956685499,0.492271662763466,-1.4981582824407529,-0.1163940476286601
dataset_90day_lookback,LGBM,3,1736,261,2014-05-08,2021-01-01,2021-12-31,43.82,0.5478927203065134,0.5430021367521367,0.5800636267232238,-0.4633285590804448,-0.0743109947715077
dataset_90day_lookback,LGBM,4,1997,260,2014-05-08,2022-01-03,2022-12-30,44.91,0.6076923076923076,0.6065515399679544,0.6248888888888887,-0.3530358877644698,-0.1962985102362712
dataset_90day_lookback,LGBM,5,2257,260,2014-05-08,2023-01-02,2023-12-29,45.85,0.5423076923076923,0.5386977978560034,0.5654437869822486,0.8092517882866727,-0.0512004101225994
dataset_90day_lookback,LGBM,final,2517,261,2014-05-08,2024-01-01,2024-12-30,47.01,0.5938697318007663,0.5887931034482758,0.6433957817839049,0.3316610574869729,-0.0272050160827008
dataset_90day_lookback,RF,1,1213,261,2014-05-08,2019-01-01,2019-12-31,2.59,0.5325670498084292,0.5091564927857936,0.5467789598108747,0.4158209327324549,-0.049740401136109
dataset_90day_lookback,RF,2,1474,262,2014-05-08,2020-01-01,2020-12-31,0.16,0.5381679389312977,0.5152228763666947,0.5548887587822013,0.9064225481020788,-0.0515591216979232
dataset_90day_lookback,RF,3,1736,261,2014-05-08,2021-01-01,2021-12-31,0.17,0.4980842911877394,0.4938041305796136,0.5058029928125369,1.6551169991695915,-0.0135199887880462
dataset_90day_lookback,RF,4,1997,260,2014-05-08,2022-01-03,2022-12-30,0.17,0.5,0.495703031749821,0.480237037037037,-1.1040533964101384,-0.0943871444985174
dataset_90day_lookback,RF,5,2257,260,2014-05-08,2023-01-02,2023-12-29,0.17,0.5038461538461538,0.4787959783064754,0.5023668639053255,0.6706871114705947,-0.0635468608965456
dataset_90day_lookback,RF,final,2517,261,2014-05-08,2024-01-01,2024-12-30,0.17,0.5172413793103449,0.4106451612903226,0.463061152350654,0.0855377677837769,-0.0683546489680947
dataset_90day_lookback,XGB,1,1213,261,2014-05-08,2019-01-01,2019-12-31,0.12,0.5210727969348659,0.521044673135928,0.5504137115839243,0.6467942418306096,-0.0793710885553928
dataset_90day_lookback,XGB,2,1474,262,2014-05-08,2020-01-01,2020-12-31,0.09,0.5534351145038168,0.5422248107163657,0.5911592505854801,-0.5761375149456555,-0.084636235632038
dataset_90day_lookback,XGB,3,1736,261,2014-05-08,2021-01-01,2021-12-31,0.09,0.5747126436781609,0.5740874141809147,0.6128785200895488,-0.5522999493965366,-0.0694244759728081
dataset_90day_lookback,XGB,4,1997,260,2014-05-08,2022-01-03,2022-12-30,0.09,0.5653846153846154,0.5553806807003738,0.5889777777777778,-0.5681908592762258,-0.1959208713926
dataset_90day_lookback,XGB,5,2257,260,2014-05-08,2023-01-02,2023-12-29,0.09,0.5576923076923077,0.5547878914218496,0.5694674556213017,1.1023958865135313,-0.0366562052810441
dataset_90day_lookback,XGB,final,2517,261,2014-05-08,2024-01-01,2024-12-30,0.09,0.5325670498084292,0.5267241379310346,0.6016260162601625,-0.2133618478609,-0.032966522496939
dataset_90day_lookback,MLP,1,1213,261,2014-05-08,2019-01-01,2019-12-31,0.12,0.524904214559387,0.515160594439118,0.5479314420803783,0.915879284011487,-0.0558709683247312
dataset_90day_lookback,MLP,2,1474,262,2014-05-08,2020-01-01,2020-12-31,0.09,0.4885496183206106,0.4878034547152194,0.4876463700234192,0.8678158348678264,-0.0507822606300514
dataset_90day_lookback,MLP,3,1736,261,2014-05-08,2021-01-01,2021-12-31,0.1,0.4712643678160919,0.3203125,0.5837162719453282,-0.1886990668898531,-0.0741513001091416
dataset_90day_lookback,MLP,4,1997,260,2014-05-08,2022-01-03,2022-12-30,0.09,0.5307692307692308,0.504375,0.4906074074074074,-1.7482000034062246,-0.1595545239876765
dataset_90day_lookback,MLP,5,2257,260,2014-05-08,2023-01-02,2023-12-29,0.09,0.4923076923076923,0.3911007025761124,0.5584023668639053,0.2601027176150878,-0.0866654334630131
dataset_90day_lookback,MLP,final,2517,261,2014-05-08,2024-01-01,2024-12-30,0.09,0.5708812260536399,0.5344629889157855,0.5850123718628489,-0.5077661315224186,-0.0721189072501655
dataset_90day_lookback,KNN,1,1213,261,2014-05-08,2019-01-01,2019-12-31,1.9,0.4865900383141762,0.486522198731501,0.4777777777777778,0.4349880341106078,-0.0634847545234685
dataset_90day_lookback,KNN,2,1474,262,2014-05-08,2020-01-01,2020-12-31,0.26,0.4961832061068702,0.4959188432835821,0.4721896955503513,-0.5299460935527759,-0.0790192419555536
dataset_90day_lookback,KNN,3,1736,261,2014-05-08,2021-01-01,2021-12-31,0.31,0.4444444444444444,0.3395864235232527,0.4828561329091552,-0.3182357893926425,-0.0847904343458137
dataset_90day_lookback,KNN,4,1997,260,2014-05-08,2022-01-03,2022-12-30,0.34,0.4576923076923077,0.4303118832652173,0.4475555555555556,-1.123002063349951,-0.1828073046177391
dataset_90day_lookback,KNN,5,2257,260,2014-05-08,2023-01-02,2023-12-29,0.38,0.5,0.3646616541353383,0.5407396449704143,0.2636217567062788,-0.0841566705820379
dataset_90day_lookback,KNN,final,2517,261,2014-05-08,2024-01-01,2024-12-30,0.42,0.4904214559386973,0.487986194079384,0.4863909508660304,-0.1817376589453966,-0.0429846276750161
dataset_90day_lookback,DT,1,1213,261,2014-05-08,2019-01-01,2019-12-31,0.08,0.4942528735632184,0.4342485549132948,0.4710992907801418,2.00514879007506,-0.0192823967738565
dataset_90day_lookback,DT,2,1474,262,2014-05-08,2020-01-01,2020-12-31,0.06,0.5076335877862596,0.5006427020078897,0.5018735362997658,-0.3148344991302191,-0.1092073996339065
dataset_90day_lookback,DT,3,1736,261,2014-05-08,2021-01-01,2021-12-31,0.06,0.5095785440613027,0.4931423716470445,0.5008837044892188,0.2641393315457492,-0.0379721008450218
dataset_90day_lookback,DT,4,1997,260,2014-05-08,2022-01-03,2022-12-30,0.06,0.4576923076923077,0.4567198684035033,0.4567407407407407,-0.020614060249765,-0.0887161674788854
dataset_90day_lookback,DT,5,2257,260,2014-05-08,2023-01-02,2023-12-29,0.06,0.55,0.5499400807799855,0.5499999999999999,0.3704973720136451,-0.039788348921475
dataset_90day_lookback,DT,final,2517,261,2014-05-08,2024-01-01,2024-12-30,0.06,0.4789272030651341,0.4528301886792453,0.4931071049840932,-1.227873041045902,-0.0479147740445844
dataset_90day_lookback,ET,1,1213,261,2014-05-08,2019-01-01,2019-12-31,0.17,0.4712643678160919,0.4712566059894304,0.4754137115839243,-0.5555284855508839,-0.0755667476434547
dataset_90day_lookback,ET,2,1474,262,2014-05-08,2020-01-01,2020-12-31,0.18,0.4923664122137404,0.4568466993998908,0.4716627634660421,0.0656012551510899,-0.1430893662363454
dataset_90day_lookback,ET,3,1736,261,2014-05-08,2021-01-01,2021-12-31,0.19,0.4712643678160919,0.4519476567255021,0.5398845292800755,-0.1035367267280694,-0.0550283846515041
dataset_90day_lookback,ET,4,1997,260,2014-05-08,2022-01-03,2022-12-30,0.23,0.5461538461538461,0.545185009487666,0.5195555555555555,0.1131914915955612,-0.1198299175288591
dataset_90day_lookback,ET,5,2257,260,2014-05-08,2023-01-02,2023-12-29,0.19,0.5423076923076923,0.4931109618440669,0.5635207100591716,0.533848957069904,-0.0651676723135476
dataset_90day_lookback,ET,final,2517,261,2014-05-08,2024-01-01,2024-12-30,0.19,0.4942528735632184,0.4538363982244768,0.5249793802285849,0.6786589572479409,-0.0163623413935043
dataset_90day_lookback,HGB,1,1213,261,2014-05-08,2019-01-01,2019-12-31,0.29,0.5134099616858238,0.5068951666889812,0.5127659574468085,0.6802096390858061,-0.0639741087571324
dataset_90day_lookback,HGB,2,1474,262,2014-05-08,2020-01-01,2020-12-31,0.29,0.4809160305343511,0.4730553090801538,0.5328454332552693,0.8139204741507986,-0.025024551343568
dataset_90day_lookback,HGB,3,1736,261,2014-05-08,2021-01-01,2021-12-31,0.29,0.5517241379310345,0.5510651122447479,0.5711087545658065,-0.36559574957677,-0.0712278951983289
dataset_90day_lookback,HGB,4,1997,260,2014-05-08,2022-01-03,2022-12-30,0.29,0.6,0.595959595959596,0.6280888888888888,-0.2371721651230452,-0.1821738713877123
dataset_90day_lookback,HGB,5,2257,260,2014-05-08,2023-01-02,2023-12-29,0.28,0.5384615384615384,0.5313626532083634,0.5742011834319527,0.0554794280914498,-0.0524703690638726
dataset_90day_lookback,HGB,final,2517,261,2014-05-08,2024-01-01,2024-12-30,0.29,0.5823754789272031,0.5751661315612634,0.5934959349593496,0.2394870131672413,-0.0267146631152107
dataset_90day_lookback,CatBoost,1,1213,261,2014-05-08,2019-01-01,2019-12-31,0.59,0.5363984674329502,0.5354163908380776,0.5445035460992907,0.724540576900172,-0.0428918286847356
dataset_90day_lookback,CatBoost,2,1474,262,2014-05-08,2020-01-01,2020-12-31,0.11,0.5190839694656488,0.5180729927007299,0.5436768149882905,-0.2815128775811846,-0.1074820652941102
dataset_90day_lookback,CatBoost,3,1736,261,2014-05-08,2021-01-01,2021-12-31,0.11,0.5440613026819924,0.5439541883855811,0.5391186520560858,-0.353437632353986,-0.0516538440893035
dataset_90day_lookback,CatBoost,4,1997,260,2014-05-08,2022-01-03,2022-12-30,0.11,0.6038461538461538,0.6001493094438224,0.640237037037037,0.5349039631559519,-0.1047510949872754
dataset_90day_lookback,CatBoost,5,2257,260,2014-05-08,2023-01-02,2023-12-29,0.11,0.5769230769230769,0.5704157654409998,0.6041420118343196,1.2430015781354904,-0.0402176180862626
dataset_90day_lookback,CatBoost,final,2517,261,2014-05-08,2024-01-01,2024-12-30,0.11,0.6206896551724138,0.6203329561984807,0.6549428537763639,-0.0463971864488653,-0.0254141747391989
dataset_90day_lookback,Bagging_DT,1,1213,261,2014-05-08,2019-01-01,2019-12-31,4.45,0.5019157088122606,0.5018498942917548,0.5170212765957446,0.6153695478850091,-0.1073746879077909
dataset_90day_lookback,Bagging_DT,2,1474,262,2014-05-08,2020-01-01,2020-12-31,0.82,0.5229007633587787,0.5109239430730403,0.563056206088993,1.2346523948343635,-0.0425503903657232
dataset_90day_lookback,Bagging_DT,3,1736,261,2014-05-08,2021-01-01,2021-12-31,0.82,0.5134099616858238,0.5123791870779822,0.566749145752327,0.318394470040976,-0.0392278887765133
dataset_90day_lookback,Bagging_DT,4,1997,260,2014-05-08,2022-01-03,2022-12-30,0.81,0.5115384615384615,0.5113577506474287,0.575762962962963,0.0098499795378755,-0.1471029297929126
dataset_90day_lookback,Bagging_DT,5,2257,260,2014-05-08,2023-01-02,2023-12-29,0.82,0.6,0.5999763299603527,0.6152662721893492,0.8280278411140438,-0.0267490684316571
dataset_90day_lookback,Bagging_DT,final,2517,261,2014-05-08,2024-01-01,2024-12-30,0.81,0.5517241379310345,0.5439856641529157,0.643219040886061,-0.945155309788213,-0.0492621047238371
dataset_90day_lookback,Bagging_LR,1,1213,261,2014-05-08,2019-01-01,2019-12-31,41.55,0.5440613026819924,0.543391011599359,0.5389479905437353,0.1329773370727159,-0.0722014493103784
dataset_90day_lookback,Bagging_LR,2,1474,262,2014-05-08,2020-01-01,2020-12-31,75.83,0.5152671755725191,0.4791415556564344,0.5122950819672132,0.3794622018424481,-0.0841835928324674
dataset_90day_lookback,Bagging_LR,3,1736,261,2014-05-08,2021-01-01,2021-12-31,77.82,0.5517241379310345,0.551618823874899,0.556910569105691,-0.4369497214024821,-0.0661704195642116
dataset_90day_lookback,Bagging_LR,4,1997,260,2014-05-08,2022-01-03,2022-12-30,108.57,0.473076923076923,0.4031401330451247,0.5454222222222223,-0.7000698050915781,-0.2124254305079925
dataset_90day_lookback,Bagging_LR,5,2257,260,2014-05-08,2023-01-02,2023-12-29,143.22,0.4884615384615384,0.4679918152586963,0.4805325443786982,-0.4715532770399067,-0.0414581032075864
dataset_90day_lookback,Bagging_LR,final,2517,261,2014-05-08,2024-01-01,2024-12-30,185.23,0.5172413793103449,0.5073406040268457,0.5536703193118888,-0.2230340092203138,-0.091534921667529
dataset_technical,LR,1,1213,261,2014-05-08,2019-01-01,2019-12-31,18.75,0.6398467432950191,0.6394179894179894,0.7209810874704491,-0.8499999310662189,-0.1066735669578564
dataset_technical,LR,2,1474,262,2014-05-08,2020-01-01,2020-12-31,22.78,0.6679389312977099,0.617672218588034,0.8498829039812646,-0.11398111360630642,-0.11796044380139964
dataset_technical,LR,3,1736,261,2014-05-08,2021-01-01,2021-12-31,27.23,0.685823754789272,0.6847826086956521,0.7323553670319312,-0.7576929733556315,-0.0810778358735092
dataset_technical,LR,4,1997,260,2014-05-08,2022-01-03,2022-12-30,31.88,0.7115384615384616,0.7092633179764727,0.7930074074074074,-3.527950223569759,-0.2552452947973157
dataset_technical,LR,5,2257,260,2014-05-08,2023-01-02,2023-12-29,35.88,0.7384615384615385,0.7380740740740741,0.8298816568047336,-0.4500704504791195,-0.07699183483542141
dataset_technical,LR,final,2517,261,2014-05-08,2024-01-01,2024-12-30,42.45,0.7432950191570882,0.7432950191570882,0.826499351950041,-0.488332827618379,-0.05696772335567696
dataset_technical,RF,1,1213,261,2014-05-08,2019-01-01,2019-12-31,0.9,0.7739463601532567,0.7716806286603899,0.8450354609929078,-0.3054722347257033,-0.06652513809190883
dataset_technical,RF,2,1474,262,2014-05-08,2020-01-01,2020-12-31,1.15,0.8053435114503816,0.8047033718703869,0.8729508196721312,-0.3452672482595748,-0.06914380760032612
dataset_technical,RF,3,1736,261,2014-05-08,2021-01-01,2021-12-31,1.36,0.8084291187739464,0.8080882352941177,0.8796394485683988,-1.4410319166992562,-0.08977996812385518
dataset_technical,RF,4,1997,260,2014-05-08,2022-01-03,2022-12-30,1.62,0.7884615384615384,0.7883832778394377,0.8689185185185185,-1.4382261061930202,-0.20046522520119
dataset_technical,RF,5,2257,260,2014-05-08,2023-01-02,2023-12-29,1.86,0.8346153846153846,0.8345933630217042,0.897810650887574,0.20451888508992105,-0.042191455800088
dataset_technical,RF,final,2517,261,2014-05-08,2024-01-01,2024-12-30,2.16,0.7969348659003831,0.7969348659003831,0.8949864498644986,-1.6555383811578641,-0.07327690064418764
dataset_technical,DT,1,1213,261,2014-05-08,2019-01-01,2019-12-31,2.04,0.6206896551724138,0.6206673811236549,0.625354609929078,-0.09998651344941883,-0.06640757070402405
dataset_technical,DT,2,1474,262,2014-05-08,2020-01-01,2020-12-31,2.19,0.5648854961832062,0.5598585322723253,0.5601873536299766,-0.8987673669049934,-0.11839408990021562
dataset_technical,DT,3,1736,261,2014-05-08,2021-01-01,2021-12-31,2.97,0.5938697318007663,0.5912234042553192,0.6004772004241781,-0.1478721653828399,-0.06989642616805708
dataset_technical,DT,4,1997,260,2014-05-08,2022-01-03,2022-12-30,3.86,0.45384615384615384,0.4483294483294483,0.4583703703703704,-0.9094039626845253,-0.17631135710401752
dataset_technical,DT,5,2257,260,2014-05-08,2023-01-02,2023-12-29,4.86,0.7192307692307692,0.7191933837345208,0.7192307692307691,0.992420323507113,-0.038181052149777905
dataset_technical,DT,final,2517,261,2014-05-08,2024-01-01,2024-12-30,5.91,0.4904214559386973,0.4740852965684418,0.502209261223047,1.2735601596414152,-0.014179074621703897
dataset_technical,KNN,1,1213,261,2014-05-08,2019-01-01,2019-12-31,0.22,0.632183908045977,0.6262083780880774,0.6532505910165485,-1.4452898795820182,-0.09234892242096118
dataset_technical,KNN,2,1474,262,2014-05-08,2020-01-01,2020-12-31,0.29,0.5648854961832062,0.5484397677793904,0.5930620608899297,-0.1256713973775744,-0.12995482693041194
dataset_technical,KNN,3,1736,261,2014-05-08,2021-01-01,2021-12-31,0.31,0.5708812260536399,0.5344629889157855,0.6921468127724756,-2.0654994813272753,-0.15392186758971765
dataset_technical,KNN,4,1997,260,2014-05-08,2022-01-03,2022-12-30,0.34,0.6884615384615385,0.68834628190899,0.7254222222222222,-0.7392627677860711,-0.1680235271938097
dataset_technical,KNN,5,2257,260,2014-05-08,2023-01-02,2023-12-29,0.37,0.6192307692307693,0.6179591836734695,0.6690236686390533,1.6186027459426426,-0.0250311250684225
dataset_technical,KNN,final,2517,261,2014-05-08,2024-01-01,2024-12-30,0.39,0.7049808429118773,0.7038679731820526,0.7622245787675268,-1.2698434440269337,-0.07520031931654687
dataset_technical,HGB,1,1213,261,2014-05-08,2019-01-01,2019-12-31,11.0,0.7547892720306514,0.752518667772905,0.8330378250591017,-0.23688756319715334,-0.05651445174162925
dataset_technical,HGB,2,1474,262,2014-05-08,2020-01-01,2020-12-31,12.55,0.8091603053435115,0.8089822105570137,0.8792154566744731,-0.26266215446449537,-0.07914011653211672
dataset_technical,HGB,3,1736,261,2014-05-08,2021-01-01,2021-12-31,14.96,0.8007662835249042,0.7994680851063829,0.8646753858842936,-0.6089137746080884,-0.05345960229927863
dataset_technical,HGB,4,1997,260,2014-05-08,2022-01-03,2022-12-30,14.57,0.8038461538461539,0.8025581083696899,0.8958814814814814,-0.8736364590569892,-0.10735302333985629
dataset_technical,HGB,5,2257,260,2014-05-08,2023-01-02,2023-12-29,16.24,0.8192307692307692,0.8192066991167464,0.884792899408284,0.5329513703793425,-0.038774757802950824
dataset_technical,HGB,final,2517,261,2014-05-08,2024-01-01,2024-12-30,15.55,0.8314176245210728,0.8311176470588235,0.8990220336985979,-0.9942297519758373,-0.050192156404408425
dataset_technical,XGB,1,1213,261,2014-05-08,2019-01-01,2019-12-31,6.57,0.7739463601532567,0.7716806286603899,0.8443262411347519,0.012218373764412819,-0.05965249958080441
dataset_technical,XGB,2,1474,262,2014-05-08,2020-01-01,2020-12-31,6.89,0.8091603053435115,0.8091491841491841,0.8901053864168619,0.07504024098779485,-0.06587994503390132
dataset_technical,XGB,3,1736,261,2014-05-08,2021-01-01,2021-12-31,7.47,0.7969348659003831,0.7952031978680879,0.8756922351832214,-0.7106568287988504,-0.05572774586352218
dataset_technical,XGB,4,1997,260,2014-05-08,2022-01-03,2022-12-30,8.21,0.8153846153846154,0.8148477835143315,0.8985481481481482,-1.0650618892678976,-0.13216585392156227
dataset_technical,XGB,5,2257,260,2014-05-08,2023-01-02,2023-12-29,8.23,0.8307692307692308,0.8306790598543603,0.8934319526627219,0.7088800149799663,-0.034842614907685907
dataset_technical,XGB,final,2517,261,2014-05-08,2024-01-01,2024-12-30,7.87,0.8160919540229885,0.8160244360902256,0.9094497466713798,-1.1408498332841397,-0.056651404988916305
dataset_technical,LGBM,1,1213,261,2014-05-08,2019-01-01,2019-12-31,5.76,0.7662835249042146,0.7635623802664211,0.8356973995271868,-0.016136187913287102,-0.06035785864953939
dataset_technical,LGBM,2,1474,262,2014-05-08,2020-01-01,2020-12-31,6.12,0.8053435114503816,0.8052725921392034,0.8849531615925059,0.27146553403361584,-0.06587994503390131
dataset_technical,LGBM,3,1736,261,2014-05-08,2021-01-01,2021-12-31,6.33,0.7969348659003831,0.7959644232045666,0.871745021798044,-0.8495680328635627,-0.060954022008911056
dataset_technical,LGBM,4,1997,260,2014-05-08,2022-01-03,2022-12-30,6.41,0.8,0.799239724400095,0.8999703703703703,-1.048242170889837,-0.12218640441472368
dataset_technical,LGBM,5,2257,260,2014-05-08,2023-01-02,2023-12-29,6.66,0.8384615384615385,0.8383754662246166,0.8863905325443786,0.14658249642308915,-0.04180210815996883
dataset_technical,LGBM,final,2517,261,2014-05-08,2024-01-01,2024-12-30,7.67,0.8314176245210728,0.8313557330827068,0.8952515612112644,-1.1336042864811595,-0.055167104341989404
dataset_technical,CatBoost,1,1213,261,2014-05-08,2019-01-01,2019-12-31,18.55,0.7816091954022989,0.7790664864784591,0.8529550827423168,0.2542667428271267,-0.05010778458961815
dataset_technical,CatBoost,2,1474,262,2014-05-08,2020-01-01,2020-12-31,16.75,0.8282442748091603,0.8280413634175867,0.8810304449648713,-0.12646815251054042,-0.07098310798461213
dataset_technical,CatBoost,3,1736,261,2014-05-08,2021-01-01,2021-12-31,16.92,0.8084291187739464,0.8077942735949099,0.8730411217155649,-0.5916981129559271,-0.05953133103153575
dataset_technical,CatBoost,4,1997,260,2014-05-08,2022-01-03,2022-12-30,17.59,0.8192307692307692,0.8184546359436051,0.9032296296296296,-1.3238544629201552,-0.14354819606560415
dataset_technical,CatBoost,5,2257,260,2014-05-08,2023-01-02,2023-12-29,17.01,0.8307692307692308,0.8305185185185184,0.8955029585798817,0.3599512220408908,-0.0390265960101637
dataset_technical,CatBoost,final,2517,261,2014-05-08,2024-01-01,2024-12-30,17.45,0.8237547892720306,0.8236279233752497,0.9085071285495464,-1.2155103731398942,-0.0553904882680091
dataset_technical,ET,1,1213,261,2014-05-08,2019-01-01,2019-12-31,0.38,0.7739463601532567,0.7726111545901566,0.8576536643026006,-0.40351207076837525,-0.07405281354050898
dataset_technical,ET,2,1474,262,2014-05-08,2020-01-01,2020-12-31,0.44,0.8244274809160306,0.8243865477647607,0.8752049180327869,-0.2997714598702866,-0.07518461925897314
dataset_technical,ET,3,1736,261,2014-05-08,2021-01-01,2021-12-31,0.51,0.8122605363984674,0.8122164305117099,0.8867679981147638,-0.83534318357783,-0.0687355227894366
dataset_technical,ET,4,1997,260,2014-05-08,2022-01-03,2022-12-30,0.63,0.8269230769230769,0.826715443060472,0.9029629629629629,-1.5832154581264921,-0.1680864929872142
dataset_technical,ET,5,2257,260,2014-05-08,2023-01-02,2023-12-29,0.63,0.8461538461538461,0.8461174242424243,0.8998520710059171,0.1280208399564373,-0.039676603370183035
dataset_technical,ET,final,2517,261,2014-05-08,2024-01-01,2024-12-30,0.7,0.8160919540229885,0.8160676532769556,0.9094792034876871,-2.3423271281711444,-0.10402046365391414
dataset_technical,MLP,1,1213,261,2014-05-08,2019-01-01,2019-12-31,3.55,0.735632183908046,0.727899070786432,0.7968676122931442,-0.06130698916878008,-0.04838571425731342
dataset_technical,MLP,2,1474,262,2014-05-08,2020-01-01,2020-12-31,2.77,0.6603053435114504,0.6469270021046893,0.7677985948477752,0.498485042185426,-0.05027529315540964
dataset_technical,MLP,3,1736,261,2014-05-08,2021-01-01,2021-12-31,3.63,0.7547892720306514,0.7517241379310344,0.8165429480381762,0.27903760262159594,-0.034415736387505474
dataset_technical,MLP,4,1997,260,2014-05-08,2022-01-03,2022-12-30,3.9,0.7384615384615385,0.7300103842159917,0.8379851851851853,-0.16807648596435984,-0.11508106227372557
dataset_technical,MLP,5,2257,260,2014-05-08,2023-01-02,2023-12-29,4.51,0.7769230769230769,0.773491949050709,0.8671005917159764,0.574679712802091,-0.03868801324517144
dataset_technical,MLP,final,2517,261,2014-05-08,2024-01-01,2024-12-30,4.9,0.7816091954022989,0.7782762269550054,0.8678567220454814,-1.610491948767518,-0.07923503711515369
dataset_technical,Bagging_LR,1,1213,261,2014-05-08,2019-01-01,2019-12-31,8.03,0.6551724137931034,0.6545588235294117,0.7350472813238771,-0.6848976019813271,-0.1044494233344289
dataset_technical,Bagging_LR,2,1474,262,2014-05-08,2020-01-01,2020-12-31,5.08,0.6984732824427481,0.673094843244097,0.8463114754098361,-0.5266365800920533,-0.12884981158367584
dataset_technical,Bagging_LR,3,1736,261,2014-05-08,2021-01-01,2021-12-31,6.72,0.685823754789272,0.6852647058823529,0.7446683162483799,-0.4583769962240839,-0.07084466916955853
dataset_technical,Bagging_LR,4,1997,260,2014-05-08,2022-01-03,2022-12-30,8.51,0.6807692307692308,0.6734212079480622,0.7869037037037038,-2.9695666789589388,-0.20004178377242113
dataset_technical,Bagging_LR,5,2257,260,2014-05-08,2023-01-02,2023-12-29,10.11,0.7423076923076923,0.7394984372897071,0.8336094674556215,-0.04830024344082964,-0.058532562003102424
dataset_technical,Bagging_LR,final,2517,261,2014-05-08,2024-01-01,2024-12-30,11.67,0.7164750957854407,0.7149645808736718,0.7944503358077059,0.08885053707536543,-0.038824782935901345
dataset_technical,Bagging_DT,1,1213,261,2014-05-08,2019-01-01,2019-12-31,4.61,0.7816091954022989,0.779746835443038,0.8513593380614657,0.17594261974143297,-0.056472242016942995
dataset_technical,Bagging_DT,2,1474,262,2014-05-08,2020-01-01,2020-12-31,5.43,0.8206106870229007,0.8203987573472573,0.8861826697892271,-0.7422461129876281,-0.09925681166174799
dataset_technical,Bagging_DT,3,1736,261,2014-05-08,2021-01-01,2021-12-31,6.27,0.8122605363984674,0.8115523465703971,0.8827618710969718,-0.7378099106922545,-0.06409925306034682
dataset_technical,Bagging_DT,4,1997,260,2014-05-08,2022-01-03,2022-12-30,7.86,0.8076923076923077,0.8069612734616298,0.8875851851851851,-1.143828200114646,-0.13062524023600283
dataset_technical,Bagging_DT,5,2257,260,2014-05-08,2023-01-02,2023-12-29,8.44,0.8461538461538461,0.845925925925926,0.8889349112426035,0.6201914055552499,-0.03535709688972093
dataset_technical,Bagging_DT,final,2517,261,2014-05-08,2024-01-01,2024-12-30,9.65,0.8199233716475096,0.8198281559814937,0.8961941793330976,-1.111268364955757,-0.052389485009916144
